City,Population,Violent crime,Murder and nonnegligent manslaughter,Rape (revised definition),Rape (legacy definition),Robbery,Aggravated assault,Property crime,Burglary,Larceny-theft,Motor vehicle theft,Arson
Adelanto,33005,212,2,14,,48,148,832,434,254,120,24
Agoura Hills,20970,15,0,1,,6,8,310,82,217,11,0
Alameda,78613,148,2,7,,61,78,1837,228,1245,346,18
Albany,19723,34,1,6,,16,11,605,95,447,63,0
Alhambra3,86175,168,1,13,,74,80,1935,305,1413,211,6
Aliso Viejo,50751,32,0,5,,3,24,364,53,276,34,1
Alturas3,2566,35,0,13,,2,20,65,9,48,4,4
American Canyon3,20687,58,1,7,,21,29,636,97,493,44,2
Anaheim3,349471,1271,18,129,,439,685,10066,1476,6893,1669,28
Anderson,10277,88,0,4,,9,75,476,60,358,56,2
Antioch,110537,771,7,53,,280,431,3948,862,2026,1024,36
Apple Valley,72173,234,1,15,,50,168,1892,427,1187,264,14
Arcadia,58694,68,1,6,,31,30,1275,316,892,64,3
Arcata,17789,54,2,7,,11,34,688,160,443,67,18
Arroyo Grande,18071,35,0,2,,6,27,418,83,299,36,0
Artesia,16988,84,0,2,,30,52,471,99,258,111,3
Arvin,20902,149,3,1,,14,131,473,143,201,113,16
Atascadero3,29316,90,0,11,,15,64,480,119,323,33,5
Atherton,7205,3,0,1,,2,0,87,30,54,2,1
Atwater Village,29219,197,3,8,,26,160,1109,167,757,175,10
Auburn,14118,45,0,2,,7,36,260,56,178,26,0
Avalon,3820,12,0,2,,1,9,56,12,39,5,0
Avenal3,12859,25,2,1,,4,18,196,58,118,20,0
Azusa,49431,173,2,13,,49,109,1219,232,784,196,7
Bakersfield,373887,1810,22,71,,655,1062,15898,3877,9288,2394,339
Baldwin Park,77538,299,1,34,,77,187,1447,243,868,331,5
Banning,31030,197,8,29,,29,131,608,248,221,139,0
Barstow,23700,283,2,12,,70,199,1052,447,408,182,15
Bear Valley,5428,5,1,1,,0,3,67,4,63,0,0
Beaumont,43626,138,1,17,,21,99,891,157,582,148,4
Bell,36395,221,1,17,,70,133,772,194,443,135,0
Bellflower,78635,373,1,21,,152,199,1838,452,816,557,13
Bell Gardens,43411,137,0,6,,51,80,791,91,392,299,9
Belmont,27377,26,1,3,,5,17,449,65,341,41,2
Belvedere,2144,0,0,0,,0,0,29,3,25,1,0
Benicia,28159,29,0,7,,8,14,520,112,338,62,8
Berkeley,120387,530,1,44,,330,155,5928,1090,4099,717,22
Beverly Hills,35054,99,1,9,,40,49,1240,234,930,72,4
Big Bear Lake,5209,54,0,5,,5,44,254,75,157,16,6
Biggs3,1712,24,0,1,,1,22,28,5,14,9,0
Bishop,3833,38,0,2,,4,32,105,12,85,8,0
Blythe,18961,90,1,7,,22,60,870,293,529,25,23
Bradbury,1097,1,0,0,,0,1,10,6,3,1,0
Brawley3,26023,146,1,8,,14,123,976,260,654,44,18
Brea3,42043,80,0,2,,31,47,1259,153,1035,69,2
Brentwood,58398,110,0,17,,43,50,1295,158,985,145,7
Brisbane,4696,9,0,1,,1,7,92,36,49,7,0
Broadmoor,4382,16,0,0,,6,10,80,35,29,16,0
Buellton3,5097,4,0,1,,1,2,54,15,39,0,0
Buena Park,83684,237,1,19,,67,150,2554,332,1831,386,5
Burbank,105865,159,1,10,,50,98,2669,297,2136,223,13
Burlingame,30672,45,1,6,,11,27,950,192,626,130,2
Calabasas,24505,15,0,5,,9,1,274,57,201,14,2
Calexico3,40085,169,0,2,,41,126,1588,367,911,289,21
California City,13218,121,0,5,,20,96,517,270,218,28,1
Calimesa,8553,17,0,0,,5,12,291,71,186,34,0
Calistoga,5338,11,1,2,,1,7,82,10,64,7,1
Camarillo,67325,114,2,16,,30,66,1133,217,840,59,17
Campbell,41544,88,1,11,,30,46,1407,247,1004,142,14
Canyon Lake,11112,7,0,0,,1,6,93,18,59,16,0
Capitola,10201,28,0,2,,12,14,659,41,585,32,1
Carlsbad,113972,172,0,33,,38,101,2142,366,1627,141,8
Carmel,3913,10,0,2,,0,8,114,28,79,7,0
Carpinteria,13829,11,0,0,,2,9,209,45,147,14,3
Carson,93677,433,7,14,,115,297,2156,469,1282,395,10
Cathedral City,53947,117,3,13,,49,52,1156,327,505,320,4
Central Marin,35272,40,0,8,,10,22,757,282,417,58,0
Ceres,47693,122,0,10,,55,57,1610,232,920,454,4
Cerritos,50238,91,0,7,,46,38,1900,354,1324,221,1
Chico3,89949,317,2,59,,87,169,3825,642,2591,401,191
Chino,86344,221,0,21,,53,147,2147,375,1501,262,9
Chino Hills,77515,70,0,7,,23,40,1074,216,761,96,1
Chowchilla,18978,74,0,2,,4,68,336,91,197,41,7
Chula Vista,265215,705,6,63,,239,397,4646,710,3093,816,27
Citrus Heights,86853,385,4,36,,113,232,2592,375,1942,269,6
City of Angels3,3738,17,0,1,,1,15,57,9,37,11,0
Claremont3,36331,64,1,12,,15,36,986,249,674,62,1
Clayton,11879,11,0,0,,2,9,151,26,105,19,1
Clearlake3,15044,117,5,6,,27,79,620,223,302,89,6
Cloverdale,8839,15,0,2,,5,8,119,22,87,10,0
Clovis,103769,239,1,26,,70,142,3088,420,2454,209,5
Coachella,44953,153,3,3,,51,96,1244,200,802,236,6
Coalinga,16073,105,0,9,,5,91,327,85,204,27,11
Colma3,1531,12,0,1,,3,8,275,41,208,26,0
Colton,54503,185,3,11,,77,94,1718,361,889,465,3
Colusa3,5937,6,0,2,,2,2,127,43,71,13,0
Commerce,13137,93,2,10,,28,53,1255,100,798,349,8
Compton,99125,988,13,33,,332,610,2463,496,1147,767,53
Concord,128767,491,4,29,,182,276,4626,594,3068,956,8
Corcoran3,22435,104,0,4,,13,87,403,107,212,79,5
Corning,7527,44,0,2,,5,37,260,74,155,25,6
Corona,163633,212,5,30,,98,79,3740,615,2646,466,13
Coronado,25138,26,0,5,,1,20,382,55,307,17,3
Costa Mesa,113477,386,1,53,,122,210,4741,698,3558,467,18
Cotati,7469,32,0,10,,1,21,109,32,61,15,1
Covina,49300,108,1,8,,33,66,1137,238,753,138,8
Crescent City,6599,41,0,5,,1,35,153,50,90,12,1
Cudahy,24410,78,1,6,,22,49,307,48,177,82,0
Culver City,39890,156,0,4,,78,74,1919,214,1598,107,0
Cupertino,61162,63,0,8,,27,28,942,293,583,59,7
Cypress3,49560,56,0,3,,23,30,893,146,646,97,4
Daly City,107320,234,0,26,,89,119,1786,320,1200,258,8
Dana Point,34312,57,0,9,,12,36,590,120,417,52,1
Danville,44401,16,1,2,,6,7,492,114,350,26,2
Davis,67034,95,2,16,,40,37,1727,281,1332,105,9
Delano,52534,219,4,9,,52,154,1402,267,748,361,26
Del Mar,4346,10,0,2,,0,8,177,47,122,7,1
Del Rey Oaks,1696,5,0,2,,0,3,35,7,26,2,0
Desert Hot Springs,28416,232,7,16,,62,147,1119,459,311,340,9
Diamond Bar,57085,58,1,4,,28,25,807,280,427,97,3
Dinuba3,24223,175,1,5,,13,156,823,163,536,117,7
Dixon,19357,54,1,5,,14,34,458,77,340,41,0
Dorris3,894,5,0,1,,0,4,27,6,18,3,0
Dos Palos,5112,50,1,7,,3,39,131,51,64,16,0
Downey,114754,335,7,23,,173,132,2909,514,1586,792,17
Duarte,22171,72,0,3,,19,50,367,68,233,66,0
Dublin,57148,68,0,5,,17,46,998,115,758,124,1
Dunsmuir3,1557,2,0,1,,0,1,23,9,10,4,0
East Palo Alto,29864,181,4,20,,81,76,661,126,394,132,9
Eastvale,57808,40,0,3,,13,24,905,92,702,110,1
El Cajon,103942,360,2,50,,107,201,2282,387,1517,363,15
El Centro3,44033,164,1,10,,56,97,2678,493,1983,191,11
El Cerrito,24842,97,1,2,,68,26,1233,211,899,121,2
Elk Grove,166183,586,1,33,,105,447,3124,589,2294,237,4
El Monte3,117376,400,8,21,,143,228,2161,461,991,680,29
El Segundo,17164,41,1,1,,22,17,623,147,426,48,2
Emeryville3,11549,153,1,3,,74,75,1998,120,1729,148,1
Encinitas,62909,126,0,13,,27,86,989,186,712,88,3
Escalon,7449,11,0,0,,1,10,167,37,117,13,0
Escondido,151732,529,7,48,,176,298,3408,479,2308,606,15
Etna3,705,1,0,0,,0,1,4,0,3,1,0
Eureka3,26858,166,3,23,,58,82,1831,335,1272,194,30
Exeter3,10611,26,0,1,,7,18,356,118,197,34,7
Fairfax,7686,13,0,6,,1,6,105,19,79,6,1
Fairfield,112582,486,8,46,,167,265,3459,456,2406,567,30
Farmersville,10835,32,0,1,,10,21,162,41,99,22,0
Ferndale3,1362,1,0,0,,0,1,12,4,7,1,0
Fillmore,15519,82,1,10,,6,65,147,40,80,22,5
Firebaugh,8484,53,0,15,,1,37,98,23,64,10,1
Folsom,76183,71,1,15,,15,40,1191,210,899,76,6
Fontana,206982,804,3,46,,213,542,4281,764,2474,1031,12
Fort Bragg,7310,33,0,3,,4,26,260,30,210,17,3
Fort Jones3,680,2,0,1,,0,1,11,6,5,0,0
Fortuna3,11876,36,0,4,,5,27,576,89,445,37,5
Foster City3,33313,20,1,1,,2,16,302,80,197,25,0
Fountain Valley,57392,66,1,2,,24,39,1518,268,1120,129,1
Fowler,6144,46,0,2,,10,34,139,46,59,30,4
Fremont,232427,337,2,49,,151,135,4385,913,2755,703,14
Fresno,520837,2871,39,167,,1012,1653,21861,4429,14184,2993,255
Fullerton,140771,389,0,66,,110,213,3908,468,2958,467,15
Galt,25106,70,1,13,,11,45,611,94,461,51,5
Gardena,60782,301,6,24,,149,122,1528,319,841,359,9
Garden Grove,176041,504,4,41,,155,304,4458,885,2899,649,25
Gilroy,53467,192,2,31,,48,111,1793,262,1228,287,16
Glendale,202298,195,5,17,,75,98,3519,530,2630,353,6
Glendora3,51753,55,0,6,,25,24,1340,183,1093,60,4
Goleta,31011,47,0,9,,12,26,451,110,305,34,2
Gonzales,8507,39,0,2,,4,33,121,32,56,33,0
Grand Terrace,12502,27,1,1,,13,12,278,74,150,52,2
Grass Valley,12883,115,0,3,,9,103,672,123,484,60,5
Greenfield,17061,101,2,3,,26,70,329,88,144,92,5
Gridley3,6580,113,0,9,,2,102,198,54,124,18,2
Grover Beach3,13589,33,0,4,,7,22,347,67,242,36,2
Guadalupe,7318,9,0,1,,1,7,100,26,63,11,0
Gustine,5726,25,0,1,,1,23,142,52,70,20,0
Hanford3,55299,315,1,23,,58,233,2017,275,1504,233,5
Hawaiian Gardens,14629,86,2,2,,24,58,321,66,191,61,3
Hawthorne,88410,628,6,35,,246,341,2490,479,1468,535,8
Hayward,157157,556,10,71,,298,177,4513,729,2366,1388,30
Healdsburg3,11744,16,0,4,,0,12,239,37,190,12,0
Hemet,84030,605,10,33,,174,388,3778,908,2306,554,10
Hercules,25326,31,1,1,,12,17,392,113,214,65,0
Hermosa Beach,19986,44,0,7,,12,25,585,121,423,41,0
Hesperia,93348,302,3,18,,83,198,2244,574,1275,378,17
Hidden Hills,1935,1,0,0,,0,1,8,1,6,1,0
Highland,55011,202,2,20,,58,122,1262,407,534,301,20
Hillsborough,11559,1,0,1,,0,0,126,64,55,7,0
Hollister,37604,137,0,16,,19,102,534,117,316,97,4
Holtville3,6376,15,0,0,,2,13,100,26,72,2,0
Hughson3,7377,13,0,0,,1,12,157,39,79,36,3
Huntington Beach,203233,420,0,52,,117,251,4965,723,3846,373,23
Huntington Park,59668,386,1,35,,177,173,2041,176,1055,796,14
Huron,6818,38,1,1,,9,27,80,14,40,21,5
Imperial3,17338,5,0,1,,0,4,54,2,47,5,0
Imperial Beach,27341,88,0,5,,16,67,360,76,214,69,1
Indian Wells,5279,5,0,0,,0,5,150,33,105,12,0
Indio,87195,585,5,28,,128,424,2116,454,1187,471,4
Industry,206,68,0,1,,29,38,1054,154,718,178,4
Inglewood,112450,775,7,44,,358,366,2624,523,1406,683,12
Ione,6804,7,0,1,,0,6,50,9,36,5,0
Irvine,258198,144,2,27,,57,58,3876,523,3144,201,8
Irwindale3,1433,27,1,0,,8,18,168,38,109,19,2
Isleton,834,4,0,0,,1,3,26,13,13,0,0
Jackson3,4593,15,0,0,,1,14,135,46,79,9,1
Jurupa Valley,99706,260,6,5,,91,158,2875,443,1579,838,15
Kensington,5329,1,0,0,,0,1,86,21,52,13,0
Kerman,14595,33,0,0,,6,27,394,68,296,30,0
King City,13755,61,2,8,,8,43,215,48,110,55,2
Kingsburg,11813,28,0,2,,8,18,340,97,165,78,0
La Canada Flintridge,20763,20,1,7,,6,6,287,106,169,12,0
Lafayette,25886,14,0,2,,5,7,523,49,433,41,0
Laguna Beach,23485,76,0,8,,12,56,561,78,420,60,3
Laguna Hills,31139,43,0,8,,13,22,523,80,396,46,1
Laguna Niguel,66035,49,2,6,,12,29,692,113,529,49,1
Laguna Woods3,16501,5,0,0,,2,3,141,17,117,7,0
La Habra,62488,104,0,7,,37,60,1282,189,928,162,3
La Habra Heights,5500,2,0,1,,0,1,55,20,32,3,0
Lake Elsinore,61871,137,0,8,,49,80,1911,253,1352,304,2
Lake Forest,80798,109,0,15,,23,71,910,134,684,90,2
Lakeport,4781,29,0,3,,9,17,238,39,179,20,0
Lake Shastina3,2529,1,0,0,,0,1,10,0,8,1,1
Lakewood,82047,222,3,15,,93,111,2202,378,1515,305,4
La Mesa,59676,196,3,15,,63,115,1744,276,1234,230,4
La Mirada,49685,74,0,9,,22,43,859,158,576,123,2
Lancaster,162095,1005,7,82,,326,590,3888,1342,1982,494,70
La Palma,16001,13,0,0,,7,6,304,113,170,21,0
La Puente,40958,119,0,7,,35,77,484,91,265,127,1
La Quinta,40554,80,1,6,,24,49,1224,181,972,67,4
La Verne3,32595,68,0,29,,18,21,939,187,693,48,11
Lawndale,33605,196,0,9,,62,125,504,114,284,104,2
Lemon Grove,26798,161,0,12,,53,96,496,51,351,92,2
Lemoore3,25348,118,0,17,,19,82,712,160,440,100,12
Lincoln,46663,28,0,6,,10,12,647,127,455,64,1
Lindsay3,13579,59,1,4,,14,40,285,63,146,71,5
Livermore,88316,233,3,20,,43,167,2141,255,1596,262,28
Livingston,14007,58,1,6,,11,40,362,79,204,77,2
Lodi3,64369,377,4,12,,94,267,2101,410,1243,440,8
Loma Linda,23985,27,0,3,,7,17,739,184,396,158,1
Lomita,20893,67,1,5,,17,44,403,80,277,44,2
Long Beach,476318,2766,36,177,,1054,1499,14406,3094,8413,2830,69
Los Alamitos3,11789,18,1,3,,10,4,226,52,121,51,2
Los Altos,30598,6,0,4,,1,1,333,120,194,19,0
Los Altos Hills,8485,1,0,0,,1,0,62,24,32,4,2
Los Angeles,3962726,25156,282,2209,,8952,13713,94634,16160,61191,16152,1131
Los Banos,37395,131,1,4,,38,88,1367,307,805,245,10
Los Gatos,31044,31,0,7,,14,10,706,149,494,58,5
Lynwood,72398,414,5,18,,149,242,1435,293,484,642,16
Madera,64127,450,3,18,,94,335,1926,462,1135,325,4
Malibu,13033,25,0,8,,7,10,361,84,255,21,1
Mammoth Lakes,7955,14,0,2,,1,11,143,25,107,11,0
Manhattan Beach,36065,70,0,8,,36,26,949,206,697,44,2
Manteca,75019,213,5,10,,82,116,2469,420,1624,405,20
Marina,21094,51,3,5,,21,22,546,84,391,68,3
Martinez,37923,51,0,4,,22,25,954,164,570,220,0
Marysville,12264,85,2,7,,23,53,486,78,311,93,4
Maywood,28070,73,2,6,,18,47,361,39,175,144,3
McFarland,13848,61,1,10,,6,44,285,71,103,101,10
Menifee,87051,125,2,0,,45,78,1799,290,1201,308,0
Mendota,11470,90,2,2,,9,77,314,62,132,113,7
Menlo Park3,33619,32,0,9,,6,17,617,143,448,25,1
Merced,82409,763,11,31,,151,570,2841,588,1608,564,81
Mill Valley,14527,4,0,0,,2,2,222,47,159,15,1
Milpitas,75520,77,1,9,,37,30,1977,277,1424,265,11
Mission Viejo,98217,86,1,14,,32,39,1097,155,859,76,7
Modesto,210794,2025,25,85,,488,1427,10189,1639,6749,1735,66
Monrovia,37618,47,2,4,,19,22,705,103,504,95,3
Montague3,1385,1,0,0,,0,1,19,6,12,1,0
Montclair,38899,221,4,20,,76,121,1751,254,1105,381,11
Montebello,64280,158,3,6,,73,76,1702,582,597,503,20
Monterey,28491,136,3,13,,42,78,1003,167,755,76,5
Monterey Park,61750,103,0,6,,57,40,1352,378,728,243,3
Monte Sereno,3582,0,0,0,,0,0,41,10,28,3,0
Moorpark,35804,35,0,4,,7,24,337,78,233,25,1
Moraga,17284,7,0,1,,2,4,203,41,136,25,1
Moreno Valley,205182,643,6,33,,275,329,6676,1190,4312,1161,13
Morgan Hill3,43154,71,1,4,,16,50,733,100,520,110,3
Morro Bay,10620,46,0,3,,4,39,276,54,211,11,0
Mountain View,80705,164,0,10,,31,123,2037,327,1561,142,7
Mount Shasta3,3258,4,0,0,,2,2,51,6,40,4,1
Murrieta,109495,69,0,6,,30,33,1712,287,1173,240,12
Napa,80749,298,0,38,,30,230,1418,355,905,152,6
National City,60768,327,2,16,,142,167,1463,183,942,324,14
Needles,4998,25,1,2,,4,18,190,80,82,23,5
Nevada City3,3020,14,0,2,,2,10,112,27,68,14,3
Newark,45258,101,1,8,,54,38,1176,287,701,180,8
Newman,10881,16,0,2,,2,12,147,29,86,32,0
Newport Beach,87749,112,2,20,,24,66,2185,394,1652,135,4
Norco,26925,49,0,4,,19,26,709,135,505,69,0
Norwalk,107470,400,9,33,,131,227,1916,395,1087,428,6
Novato,55782,103,2,9,,27,65,1050,219,676,137,18
Oakdale,22137,43,0,6,,14,23,867,167,628,66,6
Oakland,419481,6051,85,285,,3290,2391,24747,3333,14846,6389,179
Oakley,40163,68,2,6,,21,39,596,91,305,196,4
Oceanside,176319,702,9,68,,216,409,4612,589,3541,467,15
Ojai,7665,7,0,0,,1,6,66,15,49,2,0
Ontario,170274,547,3,31,,217,296,5201,897,3206,1066,32
Orange3,140572,172,7,11,,62,92,2905,525,2016,356,8
Orange Cove,9715,15,1,0,,5,9,150,41,62,47,0
Orinda,19311,5,0,0,,3,2,229,50,164,15,0
Orland3,7549,22,2,1,,4,15,119,27,76,16,0
Oroville3,16289,108,0,17,,31,60,1147,264,710,169,4
Oxnard,207221,920,12,21,,385,502,6720,1103,4758,835,24
Pacifica,39531,68,0,18,,17,33,706,138,492,73,3
Pacific Grove,15734,7,0,1,,3,3,288,51,219,18,0
Palmdale,159613,830,7,44,,251,528,3010,803,1730,455,22
Palm Desert,51847,117,0,3,,41,73,2302,375,1788,136,3
Palm Springs,47388,279,3,24,,84,168,3039,898,1790,341,10
Palo Alto,67560,68,2,13,,26,27,1710,213,1405,86,6
Palos Verdes Estates,13739,7,0,1,,4,2,171,82,78,9,2
Paradise3,26514,52,1,9,,11,31,526,212,245,64,5
Paramount,55727,283,1,10,,121,151,1695,246,956,490,3
Parlier,15106,95,1,11,,8,75,254,76,109,55,14
Pasadena,141815,428,4,57,,131,236,3738,830,2540,323,45
Paso Robles,31659,62,0,4,,12,46,1107,169,848,89,1
Patterson3,21410,50,0,2,,16,32,501,132,250,116,3
Perris,75036,178,3,1,,76,98,1835,323,1025,485,2
Petaluma,60450,244,0,39,,42,163,1352,206,1046,86,14
Pico Rivera,64551,199,4,16,,74,105,1461,263,803,385,10
Piedmont,11372,12,0,3,,2,7,206,51,117,38,0
Pinole,19284,72,0,0,,30,42,887,109,702,74,2
Pismo Beach3,7998,20,0,5,,5,10,529,142,361,24,2
Pittsburg,69340,225,5,23,,127,70,2428,461,1152,803,12
Placentia3,52753,76,0,5,,17,54,747,132,518,96,1
Placerville3,10601,21,0,3,,2,16,322,53,219,50,0
Pleasant Hill,34829,74,0,2,,42,30,1896,215,1499,174,8
Pleasanton,79611,86,0,13,,40,33,1649,232,1253,159,5
Pomona3,154410,792,10,72,,291,419,4546,692,2559,1256,39
Porterville,55760,186,2,12,,41,131,1385,314,844,226,1
Port Hueneme,22249,61,2,11,,24,24,456,109,281,63,3
Poway,50327,44,1,6,,13,24,514,115,367,30,2
Rancho Cordova,70955,344,5,17,,104,218,1727,346,1183,197,1
Rancho Cucamonga,176376,264,3,36,,97,128,3942,930,2569,437,6
Rancho Mirage,18156,41,0,4,,6,31,769,177,531,61,0
Rancho Palos Verdes,42993,41,1,4,,12,24,553,207,305,39,2
Rancho Santa Margarita,49719,44,0,8,,9,27,304,45,249,9,1
Red Bluff,14045,118,0,13,,25,80,998,221,675,99,3
Redding,92020,614,2,50,,145,417,4180,769,2888,512,11
Redlands,71078,212,2,34,,74,102,3225,514,2264,433,14
Redondo Beach,68492,185,2,19,,70,94,1757,348,1244,165,0
Redwood City,84415,190,1,28,,88,73,1852,362,1274,206,10
Reedley,25711,174,1,17,,16,140,485,138,254,90,3
Rialto,103590,423,3,34,,153,233,2229,684,813,721,11
Ridgecrest,28989,136,1,15,,19,101,591,160,372,51,8
Rio Dell3,3378,10,0,0,,3,7,59,19,24,16,0
Rio Vista,8250,32,0,0,,0,32,108,31,64,13,0
Ripon,15126,16,0,4,,4,8,244,25,186,33,0
Riverbank3,24061,35,1,3,,16,15,616,130,443,43,0
Riverside,323064,1441,10,137,,520,774,10602,1633,7144,1754,71
Rocklin,61105,64,0,19,,19,26,1210,164,938,101,7
Rohnert Park,42622,207,0,23,,46,138,1035,168,712,148,7
Rolling Hills,1912,1,0,0,,0,1,13,9,4,0,0
Rolling Hills Estates,8296,9,0,0,,4,5,110,48,56,5,1
Rosemead,55231,155,2,9,,73,71,1251,269,657,321,4
Roseville,131039,239,0,23,,84,132,3305,521,2469,305,10
Ross,2500,0,0,0,,0,0,39,15,21,3,0
Sacramento,489717,3611,43,105,,1174,2289,16641,3713,9865,2923,140
Salinas,158185,1098,40,76,,369,613,4164,679,1534,1932,19
San Bernardino,216477,2697,44,98,,968,1587,10455,3164,4210,3016,65
San Bruno,43499,105,0,11,,29,65,1114,166,803,139,6
San Clemente,65755,79,1,19,,16,43,778,163,534,74,7
Sand City,339,13,2,1,,5,5,137,5,122,9,1
San Diego,1400467,5582,37,566,,1378,3601,29332,5129,18933,5096,174
San Dimas,34955,81,1,7,,29,44,683,117,499,63,4
San Fernando3,24823,94,0,4,,32,58,509,126,263,120,0
San Francisco,863782,6710,53,344,,3610,2703,53291,5186,40918,6915,272
San Gabriel3,40714,89,1,4,,40,44,641,130,419,86,6
Sanger,24933,120,1,13,,21,85,642,133,433,72,4
San Jacinto,47022,133,0,5,,51,77,1701,369,1086,242,4
San Jose,1031458,3400,30,375,,1140,1855,25128,4896,13138,7001,93
San Juan Capistrano,36666,66,0,12,,15,39,430,94,282,53,1
San Leandro,90438,412,1,23,,220,168,3443,501,2028,903,11
San Luis Obispo,47116,193,0,34,,13,146,1888,245,1501,98,44
San Marcos,95314,171,3,17,,34,117,1518,277,996,243,2
San Marino3,13491,17,0,1,,4,12,226,81,132,12,1
San Mateo,104306,266,2,11,,62,191,2053,726,1114,205,8
San Pablo,30290,230,2,8,,113,107,1271,395,456,414,6
San Rafael,59598,236,0,27,,85,124,1897,267,1268,352,10
San Ramon,76081,27,0,4,,13,10,904,146,654,95,9
Santa Ana3,337304,1626,12,154,,523,937,7307,909,4494,1867,37
Santa Barbara3,91877,363,1,62,,76,224,2737,374,2209,134,20
Santa Clara,123562,156,1,20,,71,64,3589,583,2598,398,10
Santa Clarita,211132,351,7,34,,124,186,2946,656,1971,298,21
Santa Cruz3,64076,499,2,44,,116,337,3586,431,2831,299,25
Santa Fe Springs3,17867,85,1,4,,42,38,1259,161,877,216,5
Santa Maria,104355,463,13,50,,133,267,2982,595,1727,653,7
Santa Monica,93796,445,1,42,,172,230,3858,660,2953,221,24
Santa Paula3,30710,96,1,11,,16,68,410,101,255,50,4
Santa Rosa3,175738,606,4,89,,131,382,4352,639,3223,449,41
Santee,57934,86,1,11,,21,53,873,116,694,60,3
Saratoga,31239,18,1,6,,2,9,342,155,170,11,6
Sausalito,7182,14,1,0,,2,11,255,22,220,12,1
Scotts Valley3,11926,22,0,3,,5,14,309,90,206,10,3
Seal Beach,24800,24,0,1,,5,18,594,80,478,36,0
Seaside,34459,97,0,7,,27,63,549,92,381,71,5
Sebastopol3,7725,8,0,1,,0,7,153,27,116,10,0
Selma,24532,188,4,16,,34,134,1060,208,633,219,0
Shafter,17690,63,1,6,,11,45,632,180,296,142,14
Sierra Madre,11226,11,0,1,,3,7,119,48,59,10,2
Signal Hill,11655,58,1,6,,31,20,786,102,592,90,2
Simi Valley,127472,174,1,24,,45,104,1519,255,1146,112,6
Solana Beach,13448,15,0,1,,2,12,292,67,191,32,2
Soledad,25170,53,3,3,,4,43,306,105,118,79,4
Solvang,5571,11,0,0,,3,8,81,30,46,5,0
Sonoma3,11107,32,0,1,,1,30,222,36,174,12,0
Sonora3,4779,42,0,5,,10,27,369,80,267,18,4
South El Monte,20679,125,6,6,,27,86,654,161,325,163,5
South Gate,96775,561,2,24,,199,336,3288,574,1653,1051,10
South Lake Tahoe3,21558,65,0,5,,19,41,548,105,404,39,0
South Pasadena,26287,30,0,3,,22,5,710,141,536,31,2
South San Francisco,67843,157,1,28,,44,84,1434,314,916,191,13
Stallion Springs,2611,3,0,0,,0,3,16,1,13,2,0
Stanton,38921,152,0,14,,60,78,772,130,457,183,2
St. Helena,6028,9,0,1,,0,8,92,19,70,3,0
Stockton,304890,4122,49,135,,1144,2794,13101,2891,8119,1988,103
Suisun City,29539,81,1,5,,20,55,877,120,655,97,5
Sunnyvale,152443,158,1,29,,61,67,2364,545,1514,296,9
Susanville3,15045,173,0,7,,10,156,366,82,259,19,6
Sutter Creek3,2457,12,0,2,,0,10,39,3,30,3,3
Taft,8819,58,0,1,,7,50,333,79,235,19,0
Tehachapi,12971,44,0,8,,5,31,338,109,195,34,0
Temecula,111673,114,1,8,,47,58,2920,459,2116,342,3
Temple City,36524,66,1,10,,24,31,475,154,280,40,1
Thousand Oaks,129976,136,0,26,,23,87,1586,234,1241,102,9
Tiburon3,9288,9,0,0,,1,8,79,14,61,3,1
Torrance,149243,214,2,34,,85,93,2885,540,2024,317,4
Tracy,86477,154,1,19,,49,85,2442,272,1736,409,25
Truckee,16331,20,0,2,,1,17,163,38,111,9,5
Tulare,62475,303,10,16,,46,231,2002,398,1299,305,0
Tulelake3,983,2,0,0,,0,2,12,3,6,3,0
Turlock3,71895,380,2,16,,103,259,2775,602,1632,511,30
Tustin3,81953,130,1,10,,38,81,1720,217,1344,154,5
Twentynine Palms,26105,86,2,8,,13,63,419,139,241,32,7
Ukiah,15969,153,1,18,,20,114,527,150,331,39,7
Union City,74648,265,3,3,,87,172,1649,305,1024,314,6
Upland,76581,232,4,21,,79,128,2387,570,1489,325,3
Vacaville,96693,249,0,20,,97,132,2174,236,1723,200,15
Vallejo,121257,1031,18,102,,351,560,5026,2352,1536,1098,40
Ventura,110077,374,2,53,,124,195,3911,598,3042,260,11
Vernon3,115,28,1,1,,12,14,290,30,171,89,0
Victorville,123332,777,6,49,,229,493,4047,1095,2285,628,39
Villa Park,6002,1,0,0,,1,0,83,34,47,2,0
Visalia,130405,608,6,106,,130,366,4006,814,2621,560,11
Vista,99097,343,2,37,,95,209,1995,344,1328,317,6
Walnut,30469,31,1,1,,17,12,324,143,157,22,2
Walnut Creek,68530,91,1,2,,28,60,2544,342,1960,238,4
Waterford3,8800,13,0,0,,0,13,124,31,60,33,0
Watsonville,53581,303,4,33,,104,162,1934,254,1261,415,4
Weed,2836,31,1,3,,4,23,115,23,83,9,0
West Covina,109030,263,2,13,,99,149,2992,400,2095,487,10
West Hollywood,36256,280,2,19,,90,169,1411,209,1102,89,11
Westlake ,8522,6,0,2,,2,2,196,47,142,6,1
Westminster,92640,303,1,22,,118,162,2956,502,2123,325,6
Westmorland3,2278,5,0,0,,3,2,7,5,2,0,0
West Sacramento,52622,311,2,21,,90,198,1463,256,1030,171,6
Wheatland,3482,1,0,0,,0,1,59,14,34,11,0
Whittier,87807,238,1,18,,90,129,2542,319,1797,415,11
Wildomar,36154,39,0,7,,8,24,619,143,353,123,0
Williams3,5205,10,0,1,,2,7,74,14,43,13,4
Willits,4856,66,0,4,,2,60,66,15,34,15,2
Willows,6074,40,0,5,,4,31,192,24,148,18,2
Windsor,27565,85,0,9,,16,60,357,35,300,17,5
Winters,7023,24,0,2,,1,21,112,17,80,14,1
Woodlake3,7751,39,2,1,,3,33,136,32,87,15,2
Woodland,57911,265,1,16,,51,197,1813,326,1230,242,15
Yorba Linda,68698,39,0,7,,7,25,651,152,463,35,1
Yountville3,3030,7,0,0,,0,7,46,7,36,3,0
Yreka,7507,47,1,4,,4,38,310,85,188,36,1
Yuba City,65974,216,0,28,,66,122,1806,429,1160,203,14
Yucaipa,53498,94,2,8,,22,62,1321,263,838,208,12
Yucca Valley,21672,151,0,8,,30,113,672,217,381,66,8
